SemanaId;OrganizacionId;Cantidad
202536;3;1
202536;4;3171
202536;5;20269
202536;8;135
202536;9;723
202536;11;1
202536;13;9
202536;14;107
202536;15;238
202536;16;21
202536;24;3880
202536;30;4
202536;33;4
202537;4;4156
202537;5;51279
202537;8;47
202537;9;1083
202537;13;6
202537;14;91
202537;15;159
202537;16;3
202537;19;4
202537;24;4030
202537;30;4
202537;31;4
202537;33;4
202538;3;3
202538;4;3815
202538;5;26121
202538;8;26
202538;9;737
202538;13;3
202538;14;127
202538;15;197
202538;16;1
202538;24;6886
202538;33;1
202538;34;1
202539;3;1
202539;4;3403
202539;5;21417
202539;8;18
202539;9;1100
202539;11;2
202539;13;1
202539;14;225
202539;15;225
202539;19;1
202539;24;8070
202539;30;1
202539;31;3
202539;32;1
202539;33;8
202540;3;1
202540;4;3296
202540;5;21625
202540;8;5
202540;9;994
202540;13;12
202540;14;159
202540;15;277
202540;18;1
202540;24;11576
202540;31;5
202540;33;10
202540;40;1
202541;4;3880
202541;5;24611
202541;8;4
202541;9;1085
202541;11;1
202541;13;6
202541;14;173
202541;15;257
202541;24;10277
202541;25;1
202541;30;1
202541;31;2
202541;32;1
202541;33;3
202542;3;3
202542;4;3716
202542;5;20202
202542;8;5
202542;9;941
202542;13;7
202542;14;225
202542;15;217
202542;19;2
202542;24;12042
202542;31;51
202543;3;1
202543;4;3047
202543;5;17471
202543;9;798
202543;13;8
202543;14;197
202543;15;230
202543;19;3
202543;24;8243
202543;30;2
202543;33;1
202544;3;2
202544;4;2918
202544;5;15664
202544;8;3
202544;9;875
202544;13;4
202544;14;198
202544;15;236
202544;19;1
202544;24;8273
202544;33;2
202544;42;1
202545;4;2770
202545;5;16028
202545;8;2
202545;9;777
202545;13;3
202545;14;162
202545;15;186
202545;16;2
202545;24;9766
202545;27;1
202545;30;1
202545;31;1
202545;32;1
202545;33;5
202545;37;1
202545;42;2
202546;3;3
202546;4;2636
202546;5;16208
202546;9;948
202546;13;2
202546;14;128
202546;15;208
202546;16;21
202546;24;8089
202546;27;8
202546;30;4
202546;33;20
202546;36;4
202546;37;1
202546;42;3
202547;3;1
202547;4;2573
202547;5;21114
202547;9;987
202547;13;1
202547;14;112
202547;15;202
202547;16;114
202547;18;2
202547;19;1
202547;24;6251
202547;27;3
202547;30;13
202547;33;12
202547;37;1
202547;42;1
202547;43;7
202548;3;2
202548;4;2540
202548;5;18107
202548;8;3
202548;9;1035
202548;11;3
202548;13;2
202548;14;121
202548;15;164
202548;16;5
202548;18;1
202548;24;7780
202548;27;13
202548;30;10
202548;33;5
202548;43;16
202549;3;3
202549;4;2290
202549;5;19156
202549;6;1
202549;8;1
202549;9;708
202549;13;3
202549;14;97
202549;15;184
202549;16;199
202549;19;1
202549;24;12345
202549;27;2
202549;30;104
202549;31;46
202549;33;1
202549;37;1
202549;43;23
202550;4;2459
202550;5;17295
202550;8;4
202550;9;1000
202550;14;81
202550;15;205
202550;16;2306
202550;19;6
202550;24;11291
202550;27;3
202550;30;29
202550;33;12
202550;42;4
202550;43;17
202551;3;1
202551;4;2594
202551;5;17594
202551;9;923
202551;14;123
202551;15;203
202551;16;13140
202551;19;25
202551;24;14499
202551;27;4
202551;30;10
202551;31;6
202551;33;4
202551;37;5
202551;43;6
202551;44;1
202551;45;3
202552;4;2049
202552;5;19108
202552;8;2
202552;9;1032
202552;13;5
202552;14;79
202552;15;180
202552;16;7969
202552;19;65
202552;24;11891
202552;27;5
202552;30;6
202552;31;4
202552;33;3
202552;37;13
202552;42;2
202552;43;1
202552;44;1
202552;47;1
202601;3;4
202601;4;2139
202601;5;21342
202601;9;1075
202601;14;99
202601;15;134
202601;16;8088
202601;19;1338
202601;21;1
202601;24;11604
202601;27;7
202601;30;18
202601;31;3
202601;33;1
202601;37;6
202601;43;1
202602;3;3
202602;4;2507
202602;5;25273
202602;8;1
202602;9;1268
202602;11;1
202602;13;3
202602;14;153
202602;15;145
202602;16;11524
202602;19;1019
202602;21;1
202602;24;15139
202602;27;6
202602;30;78
202602;31;4
202602;33;1
202602;37;15
202602;42;1
202602;48;1
202603;4;2501
202603;5;23304
202603;9;1260
202603;13;1
202603;14;172
202603;15;194
202603;16;9388
202603;19;787
202603;24;13006
202603;27;4
202603;30;85
202603;31;2
202603;33;13
202603;37;1
202603;43;1
202603;47;4
202603;48;1
202604;3;1
202604;4;2235
202604;5;22256
202604;9;1177
202604;11;3
202604;14;160
202604;15;212
202604;16;15753
202604;19;750
202604;24;12048
202604;27;7
202604;28;1
202604;30;53
202604;33;45
202604;37;2
202604;43;1
202604;47;11
202604;48;1
202604;49;1
202605;3;7
202605;4;2305
202605;5;20584
202605;6;1
202605;9;1183
202605;14;240
202605;15;181
202605;16;29811
202605;19;34
202605;24;11402
202605;27;9
202605;30;55
202605;33;24
202605;42;1
202605;47;4
202605;48;1
202605;49;4
202606;4;2290
202606;5;22959
202606;9;1014
202606;14;407
202606;15;133
202606;16;28948
202606;19;114
202606;24;11582
202606;27;9
202606;30;59
202606;33;14
202606;47;3
202606;51;1
202607;3;3
202607;4;2337
202607;5;20394
202607;9;1379
202607;14;751
202607;15;88
202607;16;25406
202607;24;10076
202607;25;1
202607;27;6
202607;30;73
202607;31;1
202607;33;10
202607;37;22
202607;43;2
202607;47;31
202607;50;5
202607;52;3
202607;53;1
202608;3;3
202608;4;2560
202608;5;18298
202608;9;831
202608;14;178
202608;15;50
202608;16;22819
202608;24;9578
202608;27;4
202608;30;43
202608;33;10
202608;37;8
202608;43;1
202608;47;14
202608;49;2
202608;52;1
202609;3;5
202609;4;2848
202609;5;16933
202609;9;1191
202609;14;154
202609;15;30
202609;16;23072
202609;20;1
202609;24;10015
202609;27;1
202609;30;91
202609;31;1
202609;33;36
202609;37;12
202609;47;10
202609;48;5
202609;49;3
202609;50;10
202609;52;9
202610;4;2611
202610;5;20051
202610;9;1173
202610;14;119
202610;15;1
202610;16;19302
202610;24;14860
202610;27;4
202610;30;95
202610;31;2
202610;33;22
202610;37;4
202610;42;1
202610;43;5
202610;46;1
202610;47;24
202610;48;13
202610;49;5
202610;50;2213
202610;52;5
202610;54;6
202610;56;1
202611;3;6
202611;4;2989
202611;5;18145
202611;9;1093
202611;14;104
202611;15;3
202611;16;19208
202611;19;2
202611;24;14851
202611;30;70
202611;31;1
202611;33;23
202611;37;5
202611;42;2
202611;43;2
202611;47;7
202611;49;2
202611;50;3409
202611;52;10
202611;54;4
202612;3;1
202612;4;2929
202612;5;26433
202612;9;997
202612;14;92
202612;15;1
202612;16;17749
202612;24;12856
202612;30;50
202612;33;27
202612;37;197
202612;42;13
202612;43;12
202612;47;11
202612;49;6
202612;50;110032
202612;52;3
202612;56;1
202613;4;3416
202613;5;15227
202613;9;764
202613;14;105
202613;16;23821
202613;24;15742
202613;27;3
202613;30;48
202613;31;2
202613;33;44
202613;37;59
202613;42;714
202613;43;18
202613;47;7
202613;49;1
202613;50;86281
202613;52;4
202614;4;2545
202614;5;5077
202614;9;853
202614;14;117
202614;15;1
202614;16;20942
202614;24;16288
202614;27;1
202614;30;20
202614;31;1
202614;33;24
202614;37;27
202614;42;2
202614;43;4
202614;47;3
202614;48;1
202614;49;11
202614;50;2427
202615;3;1
202615;4;2886
202615;9;838
202615;14;122
202615;15;2
202615;16;32380
202615;24;13222
202615;27;7
202615;30;32
202615;33;19
202615;37;23
202615;42;10
202615;43;1
202615;47;5
202615;49;3
202615;50;3531
202615;52;2
202615;54;2
202616;3;4
202616;4;3854
202616;9;804
202616;14;123
202616;15;1
202616;16;21493
202616;24;10904
202616;27;1
202616;30;42
202616;33;11
202616;37;21
202616;42;8
202616;43;7
202616;47;6
202616;50;3320
202616;56;2
202616;60;1
202616;61;1
202617;4;3385
202617;9;827
202617;14;119
202617;16;17956
202617;24;10065
202617;30;59
202617;31;13
202617;33;23
202617;37;21
202617;42;18
202617;43;3
202617;47;9
202617;49;1
202617;50;2690
202617;52;5
202617;60;4
202618;3;5
202618;4;3263
202618;9;743
202618;14;191
202618;15;1
202618;16;4338
202618;24;8979
202618;30;52
202618;31;1
202618;33;18
202618;37;12
202618;42;14
202618;43;4
202618;47;9
202618;49;1
202618;50;1078
202618;52;7
202618;56;18
202618;60;6
202619;3;1
202619;4;3963
202619;9;963
202619;14;196
202619;15;1
202619;16;6184
202619;18;1
202619;19;6
202619;24;12934
202619;27;4
202619;30;46
202619;31;8
202619;32;1
202619;33;41
202619;37;12
202619;42;3
202619;43;1
202619;47;19
202619;50;3676
202619;54;2
202619;56;1
202619;59;1
202619;60;7
202620;3;2
202620;4;4713
202620;9;727
202620;14;140
202620;16;5162
202620;19;1
202620;24;10457
202620;27;1
202620;30;30
202620;31;7
202620;32;3
202620;33;45
202620;37;7
202620;42;8
202620;43;5
202620;47;9
202620;48;1
202620;49;1
202620;50;2137
202620;52;1
202620;60;1
202621;3;5
202621;4;3255
202621;9;701
202621;14;141
202621;15;1
202621;16;4314
202621;19;2
202621;24;8635
202621;27;2
202621;30;31
202621;31;12
202621;33;57
202621;37;20
202621;42;16
202621;43;2
202621;47;17
202621;48;2
202621;49;28
202621;50;2216
202621;51;1
202621;52;3
202621;56;50
202622;3;10
202622;4;3437
202622;9;538
202622;14;156
202622;16;3921
202622;24;9032
202622;27;1
202622;30;30
202622;31;11
202622;33;54
202622;37;28
202622;42;14
202622;43;56
202622;47;28
202622;48;8
202622;49;15
202622;50;2074
202623;3;1
202623;4;3528
202623;9;634
202623;14;234
202623;16;6361
202623;24;11787
202623;27;1
202623;30;18
202623;31;2
202623;33;41
202623;37;37
202623;42;3
202623;43;73
202623;47;25
202623;49;8
202623;50;2351
202623;52;5
202623;60;1
202624;3;8
202624;4;4339
202624;9;562
202624;14;1092
202624;16;6266
202624;24;9904
202624;27;1
202624;30;16
202624;31;16
202624;33;52
202624;37;34
202624;42;1
202624;43;330
202624;47;42
202624;48;2
202624;49;5
202624;50;2539
202624;51;3
202624;52;15
202624;54;2
202624;56;494
202624;58;1
202624;60;2
202625;3;2
202625;4;5142
202625;9;589
202625;14;204
202625;16;4453
202625;24;8855
202625;27;10
202625;30;19
202625;31;26
202625;33;360
202625;37;37
202625;43;1381
202625;47;8
202625;48;1
202625;49;2
202625;50;2585
202625;52;10
202626;3;3
202626;4;4605
202626;9;545
202626;14;175
202626;16;3915
202626;24;8529
202626;27;3
202626;30;7
202626;31;9
202626;33;826
202626;37;476
202626;43;599
202626;47;17
202626;49;4
202626;50;2696
202626;52;20
202626;60;1
202626;61;1
202626;63;1
202627;3;3
202627;4;6315
202627;9;442
202627;14;177
202627;16;3632
202627;24;8767
202627;27;2
202627;30;6
202627;31;21
202627;33;696
202627;37;798
202627;42;2
202627;43;511
202627;47;86
202627;49;2
202627;50;3102
202627;52;16
202627;60;6
202627;61;1
202627;63;3
202628;3;8
202628;4;7401
202628;9;511
202628;14;199
202628;16;4306
202628;24;8970
202628;27;2
202628;30;13
202628;31;30
202628;33;848
202628;37;1030
202628;43;918
202628;47;45
202628;50;2693
202628;52;11
202628;56;37438
202628;60;1
202628;61;1
202629;3;5
202629;4;5969
202629;9;509
202629;14;170
202629;16;4614
202629;24;8280
202629;27;2
202629;31;28
202629;33;481
202629;37;999
202629;43;709
202629;47;77
202629;49;1
202629;50;2249
202629;52;13
202629;56;8055
202629;59;5
202629;61;8
202629;63;18
202630;3;5
202630;4;5266
202630;9;446
202630;14;146
202630;16;11232
202630;24;7781
202630;27;5
202630;30;10
202630;31;43
202630;33;704
202630;37;796
202630;42;3
202630;43;628
202630;47;33
202630;49;2
202630;50;2498
202630;52;19
202630;56;240
202630;58;1
202630;59;4
202630;62;2
202630;63;56
202631;3;5
202631;4;5944
202631;9;415
202631;14;105
202631;16;7720
202631;19;1
202631;24;8609
202631;27;3
202631;30;70
202631;31;70
202631;33;844
202631;37;1016
202631;42;3
202631;43;1465
202631;47;47
202631;49;2
202631;50;3406
202631;52;18
202631;56;249
202631;59;2
202631;62;1
202631;63;74
202631;64;6
202632;3;2
202632;4;6880
202632;9;403
202632;14;156
202632;16;5980
202632;24;10276
202632;27;8
202632;30;162
202632;31;88
202632;33;1029
202632;37;479
202632;43;1249
202632;47;111
202632;48;1
202632;49;1
202632;50;3291
202632;52;38
202632;56;283
202632;59;1
202632;60;3
202632;63;208
202632;65;1
202632;66;2
202633;3;1
202633;4;5690
202633;9;351
202633;14;170
202633;16;4563
202633;24;8945
202633;27;7
202633;30;145
202633;31;56
202633;33;759
202633;37;452
202633;42;1
202633;43;1029
202633;47;77
202633;49;1
202633;50;3038
202633;52;21
202633;56;283
202633;63;91
